0,9,17,
1,9,22,444,1,
2,9,23,62,1,444,1,
3,9,9,62,9,
4,62,19,
5,9,3,62,17,
6,9,16,62,2,
7,76,22,
8,76,19,
9,9,19,444,3,
10,9,15,444,6,
11,62,1,76,12,402,1,444,7,
12,62,1,76,3,402,11,444,11,
13,62,2,76,19,444,2,
14,76,7,444,14,
15,76,18,254,12,444,3,
16,9,2,76,29,254,2,
17,9,13,62,9,266,4,402,2,444,3,
18,9,10,62,9,266,1,402,4,444,1,
19,9,7,62,3,76,3,266,2,402,1,444,10,
20,9,3,62,11,76,3,266,5,444,1,
21,62,3,266,21,
22,62,4,266,20,444,2,
23,62,22,266,8,444,7,
24,62,11,266,9,402,6,444,4,
25,76,9,254,12,444,7,
26,9,5,76,3,254,12,266,14,402,6,
27,9,4,254,1,266,27,402,7,
28,62,2,254,3,266,3,402,22,
29,62,23,266,1,444,7,
30,62,17,266,2,444,11,
31,62,5,266,33,
32,266,37,444,3,
33,62,1,266,15,444,13,
34,62,8,266,20,444,1,
35,62,25,185,2,285,4,473,1,
36,62,8,185,14,285,11,444,5,473,8,
45,254,29,266,1,402,9,444,6,
46,76,1,254,26,266,8,402,5,427,3,444,1,
47,254,17,266,3,427,18,
48,66,6,254,18,266,1,402,10,427,7,444,4,
49,9,5,66,4,427,1,444,21,705,1,
50,62,9,66,14,427,5,444,18,
51,444,26,
52,444,29,705,4,
53,444,34,
54,444,30,
55,185,26,285,4,444,1,473,5,
56,285,29,444,10,473,4,
57,285,33,444,1,
58,285,30,288,2,
59,285,16,299,24,
60,299,39,
72,254,27,266,11,427,5,444,1,
73,254,3,266,16,402,4,427,1,444,6,705,1,722,18,
74,66,3,427,4,444,19,705,19,
75,66,1,266,10,427,9,444,2,705,4,
76,444,28,705,19,
77,444,10,473,2,705,32,
78,427,2,446,11,473,15,705,5,
79,185,7,444,1,446,1,473,28,705,1,
80,185,31,446,4,473,8,
81,185,18,272,4,285,2,288,5,473,9,
82,285,10,288,1,473,23,
83,285,17,288,29,
84,285,44,
85,285,3,288,31,299,2,1170,1,
86,285,2,299,42,1194,1,
87,299,21,1194,15,
88,288,2,1194,44,
89,306,14,496,21,1194,6,
90,496,54,
91,306,22,496,14,805,4,
92,306,28,331,4,496,7,509,2,
93,306,1,331,3,509,28,1796,4,
94,331,16,496,2,509,1,525,13,1796,3,
95,525,41,
96,332,44,
97,332,34,
98,332,38,
111,427,39,
112,427,43,
113,254,4,266,29,427,15,
114,254,18,266,14,402,3,427,3,722,1,735,1,
115,254,13,444,22,705,7,722,2,735,4,
116,161,6,266,6,427,2,735,29,
117,161,10,444,10,446,13,705,4,
118,427,19,446,12,705,14,1712,10,
119,427,27,446,1,473,5,1112,9,1712,7,
120,288,4,446,14,473,14,1712,17,
121,288,40,1153,1,
122,288,41,1712,2,
123,288,38,473,1,1162,4,
124,288,36,1162,7,
125,288,43,1176,5,
126,288,37,
127,288,2,299,34,1170,23,1194,2,
128,288,25,299,2,1170,7,1176,8,
129,288,6,782,2,1176,44,
130,306,32,782,7,
131,306,27,496,2,782,1,2358,1,
132,306,2,496,5,805,35,
133,496,7,509,39,805,17,1796,2,
134,509,2,1796,37,
135,331,3,525,13,1796,28,
136,331,26,525,9,1236,1,1796,5,
137,331,8,525,11,1236,30,
138,1236,36,
139,332,2,1236,38,
140,332,35,1236,5,1242,1,
141,332,47,
142,332,2,551,32,552,11,
143,551,19,552,2,863,28,
169,402,16,2220,31,
170,427,1,699,38,
171,427,8,699,22,1649,12,
172,427,42,
173,427,34,1091,21,
174,254,24,266,1,427,26,699,1,1112,10,
175,254,15,266,1,427,5,700,11,1112,16,
176,161,5,735,15,1112,18,
177,161,28,427,19,
178,161,12,427,5,735,29,1112,5,
179,161,4,427,17,446,2,735,15,1112,8,1712,3,
180,427,9,1712,36,
181,427,13,759,6,1112,7,1712,16,
182,288,4,759,43,1112,1,1153,1,1162,1,1712,1,
183,288,1,1153,30,1162,14,
184,1153,18,1162,26,
185,759,2,1162,43,
186,288,1,759,7,1162,30,1176,20,
187,759,13,1162,11,1170,9,1176,16,
188,759,23,1162,4,1170,16,
189,1170,18,1176,32,
190,782,45,1194,2,
191,299,22,306,2,782,6,1194,20,
192,306,11,782,13,1194,1,2358,33,
193,306,3,782,2,1194,42,1215,1,2358,1,
194,496,55,1194,5,
195,496,2,525,1,1796,40,
196,1796,38,
197,525,42,1236,5,1796,6,
198,525,14,1236,24,1242,8,
199,1236,18,1242,24,
200,332,2,1236,1,1242,46,
201,332,8,542,8,551,2,1236,3,1242,26,
202,542,41,551,8,
203,332,2,542,1,551,39,863,15,
204,863,14,869,25,
205,869,48,1242,18,
206,869,49,
236,1037,37,2090,13,
237,1037,49,1499,3,2090,6,
238,1037,7,2090,41,2115,1,2125,1,
239,700,4,1609,38,1612,1,2175,11,2220,5,
240,1081,4,1609,4,1612,30,2175,16,2220,2,
241,402,16,699,14,1051,9,1649,1,2175,5,2220,16,
242,402,2,699,1,1649,3,2220,37,
243,402,23,699,1,1649,38,2220,10,
244,402,30,1091,5,1649,18,
245,402,6,427,3,1091,34,1649,13,1661,1,
246,427,11,1091,47,
247,254,6,427,26,700,3,1091,9,1112,1,1649,1,1670,7,
248,254,7,427,5,700,44,735,3,1670,9,
249,254,6,427,8,700,11,735,21,1091,9,1112,2,1704,2,1712,1,2874,1,
250,427,5,1091,6,1112,13,1670,10,1712,4,
251,427,9,1112,1,1670,31,1712,3,
252,427,25,1112,19,1670,8,
253,427,10,444,19,1112,1,1704,17,
254,1112,8,1704,3,1712,34,
255,759,2,1153,41,1712,16,
256,1139,1,1153,43,1704,1,1727,1,2948,7,
257,759,9,1153,7,1162,1,1727,27,2929,2,
258,288,17,759,33,1704,5,
259,759,44,1162,17,1704,2,
260,759,39,1162,7,1704,5,1763,7,
261,759,30,1162,12,1704,1,1763,1,2358,9,
262,759,20,1745,14,1768,4,2358,2,6092,1,
263,782,3,1194,25,1745,26,
264,1194,1,1215,10,1745,1,1768,10,2358,15,3719,3,
265,306,1,496,2,1768,1,2358,53,
266,496,18,1170,1,1215,3,2358,22,
267,496,32,1215,1,2358,6,3008,5,
268,1215,59,
269,525,1,1215,52,1796,3,
270,525,8,1215,47,1236,3,1796,4,
271,525,8,1215,13,1236,34,1796,2,
272,1236,5,1242,45,5313,8,
273,1236,5,1242,22,5313,20,
274,332,42,1242,8,5313,2,
275,332,1,542,29,1838,19,
276,551,13,863,14,1242,37,1838,2,
277,863,32,1242,19,1860,16,
278,869,2,1242,35,1860,17,2417,10,
279,869,21,1242,7,1860,26,
314,1037,6,1499,22,2090,33,
315,1499,5,2090,37,
316,2115,50,2125,21,3394,3,
317,2115,1,2125,17,3394,10,3407,4,3446,23,
318,2125,2,2775,7,3394,5,3446,38,
319,2775,5,3431,15,3446,26,4170,8,
320,1573,2,2125,1,3431,26,3446,15,4975,1,
321,2125,34,3431,15,4975,13,
322,2125,11,2785,4,3431,47,4975,22,
323,1573,62,
324,1555,23,1573,15,1595,12,
325,1555,1,1573,1,1595,56,
326,1595,58,3467,7,
327,1573,1,1595,47,
328,1595,60,
329,1595,47,1609,1,
330,1595,19,1609,34,2175,1,2828,1,
331,1595,2,1609,45,2175,11,2828,5,
332,1595,16,1609,14,2175,10,2828,17,
333,700,3,1595,4,1609,14,1612,4,2175,12,2828,22,
334,700,12,1609,24,1612,3,2175,7,2220,6,
335,1051,8,1081,3,1612,11,1630,1,2175,19,2220,15,
336,1081,26,1661,3,2175,1,2220,19,
337,1081,2,1630,1,1649,39,1661,15,2220,5,
338,402,2,1081,9,1661,22,2220,14,
339,402,15,1091,1,1649,18,2220,16,5855,20,
340,402,40,1091,16,1661,4,4309,1,
341,1091,15,1670,2,4309,26,
342,427,1,700,3,1091,4,1649,31,1670,17,4309,1,
343,700,5,1091,42,1112,2,1670,7,
344,427,3,444,3,700,29,1091,19,2874,15,
345,427,1,444,8,700,2,1091,5,1112,3,1670,37,1712,1,
346,427,6,1091,3,1112,40,1670,3,
347,427,28,1112,19,1704,12,
348,427,5,1112,10,1704,29,
349,427,2,1112,4,1704,53,
350,1112,1,1153,25,1704,2,1712,26,
351,759,4,1153,23,1162,1,1704,3,1712,18,2929,6,
352,1712,5,1727,21,2929,28,2948,1,
353,1162,2,1727,47,
354,1162,47,1727,23,
355,759,8,1162,12,1727,1,1763,47,
356,759,53,1162,8,1727,1,1763,1,6092,1,
357,759,3,1162,23,1745,2,1763,5,3719,10,6092,11,
358,1162,3,1170,6,1763,18,2358,19,6092,2,
359,3719,51,
360,496,1,1170,2,1768,12,2358,38,
361,496,1,1170,26,1768,37,2358,1,
362,496,1,1170,1,1215,4,1768,11,1796,1,3008,28,6092,25,
363,1215,12,1768,10,3008,1,6092,28,
364,1215,6,1796,45,
365,1215,23,1796,35,3054,4,
366,1215,3,3054,56,
367,1215,1,1242,11,1796,6,2387,3,3054,2,5313,30,
368,1236,14,1242,30,5313,22,
369,332,37,1236,3,1242,27,
370,542,6,1242,32,1838,23,
371,542,4,863,34,1242,3,
372,863,16,1242,16,1276,15,1838,3,1860,3,
373,1838,19,1860,30,2449,10,
374,1860,27,2449,14,17076,2,
375,1838,5,2449,49,
412,2090,39,2115,10,2697,10,
413,1510,1,2090,35,2115,22,2697,3,
414,1037,6,2115,17,3394,11,3407,23,
415,2115,17,2775,17,3394,26,3407,1,
416,1573,8,2115,2,2775,35,3394,18,3446,4,4170,1,
417,1573,1,2125,3,2775,25,3394,6,3431,8,3446,6,4170,15,
418,1573,43,2125,13,3446,2,4975,5,
419,2125,5,2775,5,2785,12,3431,11,4170,2,4975,22,
420,2785,29,3446,2,4170,3,4975,24,
421,1573,7,2775,3,2785,16,3467,24,5774,2,
422,1573,2,2785,2,3467,60,4975,4,
423,1573,37,3467,14,
424,1573,25,1595,6,3467,31,
425,1595,39,3467,18,
426,1573,32,1587,1,1595,1,2792,29,3467,7,
427,1573,8,1595,18,3467,23,4985,12,
428,1595,50,2798,8,
429,1595,29,1609,24,7460,3,8410,3,
430,1595,36,2175,2,4985,16,
431,1612,1,2175,23,2828,28,6642,14,
432,1612,20,2175,5,2828,41,6642,2,
433,1051,2,1609,1,1612,32,1649,1,2828,18,
434,1051,12,1630,44,1649,2,2175,3,2220,2,
435,1051,24,1081,8,1649,22,2220,14,
436,1630,45,1649,22,
437,1630,4,1649,18,1661,28,7485,2,7644,9,
438,2220,1,2252,20,5855,1,7644,28,
439,402,2,700,40,1649,12,1661,1,4216,1,5855,2,7644,2,
440,1649,3,1670,15,2252,10,4309,40,
441,1649,59,1670,3,4309,6,
442,1091,24,1649,19,1670,4,4311,3,
443,700,2,1091,1,1649,25,2874,15,
444,427,3,1112,25,1649,11,1670,15,1704,1,2874,1,
445,427,38,1112,5,1704,16,2905,24,
446,427,14,1112,9,1704,34,
447,427,37,1704,28,
448,1112,24,1704,46,
449,1112,10,1704,41,1712,7,2909,2,
450,1112,1,1704,30,2929,9,
451,1704,8,1719,3,1727,6,2929,47,2948,4,
452,1727,67,3617,9,
453,1160,24,1162,1,1704,1,2350,15,3679,2,6816,16,
454,1160,3,3679,19,5179,11,6816,27,
455,1704,24,3679,2,4407,13,6092,28,6875,2,
456,1162,29,1704,1,3679,4,6059,15,6092,23,
457,1763,20,3008,32,6092,2,
458,1763,1,1768,23,3008,22,3679,2,3719,20,
459,1768,1,3008,17,3705,1,3719,28,6059,1,6092,4,
460,1170,1,3008,44,3719,5,6092,8,
461,1768,2,2365,19,3008,8,3022,8,6092,13,
462,1215,27,1768,9,2365,25,3008,1,
463,1215,4,1796,1,2365,1,2387,29,3022,34,
464,1215,9,2387,2,3022,2,5343,42,
465,1215,47,2387,9,5343,6,
466,1215,19,2387,42,
467,1215,1,2387,10,3054,47,
468,1242,23,1816,15,1838,4,3054,16,
469,542,43,1816,1,1838,25,
470,542,24,863,6,1838,12,2417,14,
471,542,8,1242,3,1255,10,1276,2,2417,16,4504,15,
472,1255,10,1838,23,1860,3,2417,22,2449,1,4504,3,
473,1255,35,1838,3,1860,3,2449,6,17076,8,
474,1255,27,2449,26,
475,1255,10,2449,38,
476,575,2,1882,52,1904,13,2442,3,
477,1882,26,1904,1,2442,34,
478,1327,18,1882,10,1904,26,2442,3,
510,2697,57,4875,1,
511,1510,26,2115,1,2697,23,3407,17,
512,3394,76,
513,2115,22,3394,5,3407,36,
514,3394,60,3430,3,4170,1,
515,2775,22,3394,30,3431,1,3446,6,
516,1573,24,2125,22,3446,16,
517,2125,2,2785,3,3394,1,3446,7,4163,9,4975,35,
518,1573,1,2775,5,3446,6,3467,9,4163,8,4170,4,4975,27,5774,4,10176,1,
519,2775,4,3467,48,4975,2,5774,6,10160,6,10176,6,
520,1573,2,3467,52,4939,14,4975,2,
521,1573,46,4163,1,4915,2,5774,12,10160,2,
522,1573,37,3467,34,5774,5,6566,2,
523,1573,4,3467,56,4196,4,4942,11,
524,1573,11,1587,14,2792,29,4942,2,6566,1,
525,1587,2,1595,2,2792,1,4985,59,
526,1595,15,2798,27,4187,2,4942,1,4985,11,5038,5,6642,4,7460,1,
527,1595,43,2798,5,4985,4,5038,2,6566,4,8410,17,
528,1595,37,1609,1,2798,1,4985,36,8410,4,
529,1595,19,2175,4,4985,5,6566,24,6642,4,7460,1,8410,4,
530,1595,21,1612,5,2828,4,6566,3,6642,28,
531,1595,21,1612,23,2828,26,6566,2,
532,1612,15,1630,23,1636,1,2828,3,4216,19,
533,1051,2,1595,9,1630,29,1649,15,4216,24,
534,1630,34,1649,5,1661,2,2220,21,4187,1,4216,1,8453,1,
535,1612,24,1630,8,1649,2,1661,9,2828,24,2874,1,6706,2,
536,1612,2,2252,7,2828,10,2874,13,5855,27,6706,4,
537,1661,8,2252,1,2828,1,2874,29,5855,27,7517,1,
538,700,3,2220,8,2252,1,2874,26,4309,4,4311,11,7644,1,
539,1091,3,1649,22,2828,1,2874,5,4311,30,7644,3,
540,1091,1,1630,11,1649,22,2828,2,4228,3,4311,5,5103,17,
541,1630,9,1649,27,1704,3,2874,4,4228,12,5103,2,6766,1,
542,1649,18,1670,1,1704,27,2874,1,2909,11,
543,1704,52,2905,17,
544,1704,58,2905,2,
545,1704,50,2905,11,2909,8,
546,1704,50,1719,2,2905,11,2909,7,
547,1704,82,1719,1,3617,1,
548,1704,51,1719,2,2874,2,2948,15,
549,1704,8,1727,1,2874,1,2929,15,2948,7,3617,19,4407,2,5196,4,
550,1160,58,1704,3,1719,2,3617,6,3679,1,
551,1160,10,1704,37,3679,7,
552,1160,9,1704,12,2980,16,3617,1,3679,18,
553,1160,2,1704,3,2980,14,3679,5,4407,27,5179,11,6092,1,6816,9,
554,2980,10,3679,1,3705,13,4407,5,6059,27,6092,1,6816,21,
555,2980,4,3008,1,3679,6,3705,29,4407,8,6059,11,6816,6,
556,1768,2,3705,24,3719,2,6059,9,6092,26,
557,3008,34,3705,5,3719,16,6092,17,
558,3008,43,3719,6,6092,4,6932,2,
559,1768,2,3008,43,3022,11,3719,2,4473,2,6059,10,
560,1215,3,1768,5,2365,13,3008,31,5343,2,6059,6,
561,1768,2,1796,15,2365,12,2387,12,3031,7,3054,12,
562,1215,10,1796,11,2365,6,3022,1,3054,32,5343,12,6059,4,
563,3022,2,3031,1,3054,48,4500,1,6059,8,
564,2387,3,3031,7,3054,34,4500,1,4504,4,6059,1,
565,2387,4,3031,3,3054,19,4504,32,5343,6,6120,4,
566,1236,6,1242,2,1816,1,3054,4,4504,1,5343,26,6120,5,6144,16,
567,1236,3,1242,19,1838,1,3054,9,5343,25,
568,542,14,1236,1,1242,12,2390,6,2417,7,4504,3,5343,3,7059,3,
569,542,26,1242,1,1255,1,2417,4,3034,15,4504,3,5343,1,6144,1,6998,10,7059,1,
570,1255,24,1860,3,2417,21,2449,2,3034,5,6998,1,
571,1255,6,1838,50,1860,7,2417,3,2449,3,6998,14,
572,1255,3,1838,13,2417,4,2449,19,2469,2,6998,25,
573,1827,5,1904,4,2449,57,
574,1882,31,1904,31,2449,8,2469,3,
575,1854,6,1882,8,1904,14,2442,15,2449,1,2469,22,5395,7,
576,575,28,1882,27,1904,5,2442,5,2469,4,
577,567,8,575,28,1904,3,2442,31,
578,575,4,1327,26,1904,20,2427,2,2442,3,2469,2,
610,1499,12,1510,17,2670,17,3394,30,
611,1499,15,1510,1,3407,17,5701,34,
612,2115,1,3394,67,5701,4,
613,2115,1,3394,64,4170,1,
614,3394,2,4170,70,
615,3431,15,4136,2,4170,31,4920,3,
616,1573,17,2125,1,3446,26,4163,15,4920,7,
617,1573,10,3446,2,4163,13,4920,6,4975,15,5774,3,
618,2775,16,3446,2,3467,1,4163,15,4975,1,5774,35,10176,3,
619,2775,2,3467,3,4163,8,4915,2,5774,50,10160,6,10176,1,
620,2775,20,4163,3,4183,1,5774,17,7485,11,10160,22,
621,3467,1,4163,4,4196,7,4915,20,5774,1,7485,37,10160,3,
622,3467,13,4196,1,4915,6,5774,26,6566,11,7485,12,
623,2775,5,3467,36,4196,4,5774,5,7485,3,10176,3,
624,1573,2,1587,13,2775,8,2792,3,3467,4,4196,6,4942,22,5774,12,6566,17,7485,6,9207,1,10176,2,
625,1587,1,2775,1,2792,33,4187,14,4942,4,4962,1,4985,1,5774,6,7508,1,
626,1595,5,2798,1,4187,8,4942,5,4962,1,4985,3,6566,2,6642,42,7460,14,
627,1595,7,4187,33,4942,5,4962,10,5774,1,6566,1,6642,6,7460,1,
628,1595,15,4187,44,4985,3,6566,1,6620,2,6642,6,
629,1595,46,1612,3,2165,2,4187,4,4985,10,6566,4,
630,1595,23,1612,1,2165,10,2828,2,4187,5,4985,2,6642,26,
631,1595,2,1612,9,2165,4,2792,3,2828,6,4187,9,4188,19,4985,1,6566,3,6642,6,
632,1612,11,1630,14,1636,47,2165,2,2792,1,2828,5,4187,3,4188,1,
633,1612,2,1630,7,1636,5,2220,1,2828,14,4187,1,4216,19,6566,4,7485,7,8453,11,
634,1630,1,2220,5,2252,1,2828,2,4187,27,6566,1,6571,7,6680,1,7485,17,8453,2,
635,1630,1,2165,4,2828,31,4187,13,6571,3,6706,3,7485,5,
636,2252,41,4187,4,5855,26,7644,1,
637,1661,3,2165,1,2252,4,2828,2,2874,9,4187,5,5855,42,7517,4,
638,2220,3,2828,2,2874,28,5855,7,7525,2,7644,30,
639,2828,15,2874,3,4311,1,5855,30,7644,16,
640,1649,9,2828,4,2874,31,4228,27,5855,11,7644,3,
641,1649,14,2220,1,2828,1,2874,7,2905,2,4228,4,5855,1,5882,36,6766,1,
642,1649,3,1704,2,2220,2,2885,16,2905,6,2909,25,4228,7,5882,1,
643,1704,3,2220,1,2885,3,2905,23,2909,36,4309,1,
644,1704,20,2885,10,2905,4,2909,38,4328,2,
645,1704,32,1719,1,2905,13,2909,20,4328,10,
646,2905,1,2909,45,3544,5,4328,12,4407,3,
647,434,11,1704,4,1719,8,2905,2,2909,8,2948,10,3544,13,3617,2,4328,10,4407,3,
648,1704,5,1719,26,2905,2,2909,3,2948,1,3617,9,4328,13,4407,12,5196,6,
649,1704,2,1719,9,2874,6,2980,1,4328,1,4407,46,5196,4,
650,2948,4,2980,35,3617,10,4407,15,5196,7,
651,1160,17,2980,19,3617,12,3679,7,4407,13,5179,2,5196,11,6816,3,
652,1160,16,2980,2,3617,3,4407,6,5179,33,6816,26,
653,3705,7,4407,13,5179,26,6816,5,6875,4,10543,1,
654,2980,5,3679,5,3705,20,4407,22,5179,5,6816,15,8680,1,
655,3679,2,3705,25,4407,2,6816,16,7777,9,10543,2,
656,3705,61,3719,6,4473,2,6092,2,6816,3,8680,1,
657,3008,1,3629,5,3705,17,4473,17,6059,37,
658,3719,19,4473,1,6059,16,6897,5,6932,16,8680,5,11542,1,
659,1768,12,3008,1,3705,1,4473,1,6059,49,6061,4,
660,1215,2,1768,2,2365,1,3022,6,4473,1,5343,22,6059,25,6061,3,6897,4,8680,1,
661,1796,7,2365,13,3022,25,3705,2,4500,4,5343,16,6059,2,6897,1,
662,1215,44,1796,1,3022,11,3054,5,3705,2,4500,5,6059,7,
663,1215,7,2365,1,3022,7,3054,1,4500,14,5343,25,
664,3022,2,3031,31,3054,3,4500,24,5343,6,7854,9,
665,3031,15,3054,1,4504,16,5313,10,5343,38,
666,2365,5,4504,4,5343,27,6120,11,6144,24,
667,1242,1,2365,1,2390,19,5343,41,6120,13,
668,2390,3,4504,6,5343,39,6120,7,6144,4,7059,7,9745,3,10745,3,
669,542,1,2390,10,2417,15,3034,1,4504,23,5343,1,5395,1,6120,3,6144,1,7059,5,9745,9,
670,2417,3,3034,4,4504,17,6120,16,6932,6,6998,8,7059,3,10745,14,
671,1255,2,1838,5,1860,6,2417,9,4504,15,5395,12,6120,23,6144,6,6998,1,7059,1,10745,1,
672,1255,2,1827,14,1838,8,1860,2,2469,1,4504,10,5395,33,6120,9,17076,2,
673,1242,4,1255,1,1827,19,1860,4,1904,14,2449,1,4504,1,5395,41,17076,4,
674,1255,42,1827,3,1904,5,5395,16,7053,7,
675,1255,6,1882,1,1904,55,2449,1,2469,20,5395,1,
676,567,1,575,8,1854,3,1882,38,1904,9,2442,11,2469,4,6144,1,
677,567,47,575,1,1882,6,2442,5,
678,575,8,1327,4,1882,11,2427,3,2442,15,2469,31,
710,2659,10,2670,22,2697,10,4101,2,5701,28,
711,1499,1,2082,8,2697,3,3394,45,3403,1,5701,6,
712,2732,1,3394,59,4888,1,5701,9,8287,3,
713,2732,25,3394,36,4170,1,
714,2732,34,4170,25,
715,2732,6,3425,22,3431,2,4136,3,4920,35,
716,3425,16,4136,26,4163,20,4915,11,4920,7,9223,1,
717,3407,9,3425,9,4136,9,4163,29,5774,8,9223,1,9260,4,10176,1,
718,3407,3,4163,20,4915,2,5774,19,9260,7,10176,24,11086,1,
719,3467,1,4163,3,4915,15,5774,10,9260,12,10160,10,10176,11,11086,5,
720,3467,10,4163,27,4196,2,4915,6,5774,3,7485,4,9260,7,10160,3,10176,10,
721,2775,5,3467,10,4163,3,4915,3,4975,4,5774,31,9260,3,10160,9,11086,6,
722,4196,26,5774,28,9207,1,10176,4,
723,4187,2,4196,8,4915,16,4942,3,5774,35,6566,6,10176,7,
724,1587,5,2775,5,4196,1,4915,3,4942,8,4982,1,5797,2,6566,24,7460,1,7485,3,7508,2,9207,9,10176,10,
725,1612,1,4942,6,4962,11,5774,13,6566,11,6620,2,7498,1,7508,15,10176,2,
726,4187,14,4942,12,4962,19,4985,9,5038,4,5774,4,6566,2,7460,1,7498,4,
727,1612,2,3451,2,4187,5,4942,3,4962,8,4982,9,6566,20,6620,16,7485,12,7498,1,
728,2165,2,2792,9,3451,1,4187,1,4942,2,4985,18,6566,4,6620,4,6642,2,7460,15,7485,1,7508,4,
729,1595,2,1612,7,2165,1,2792,1,4187,10,4962,1,4982,3,4985,47,5038,1,7460,13,
730,1595,9,1612,10,2165,19,2792,3,2841,2,4187,1,4982,5,4985,7,5038,5,6566,1,6642,1,7460,9,7584,3,
731,1636,1,2165,22,2220,5,2828,1,4187,18,4188,8,4985,6,6566,3,6642,1,7460,16,
732,1636,22,2165,8,2792,4,4187,3,4188,23,4982,1,6566,10,7460,10,
733,1636,7,2165,7,2220,4,4187,19,4188,10,4216,1,5023,3,6566,1,7460,7,7644,2,8453,7,
734,1630,21,1636,1,2165,8,4187,3,4188,1,4982,1,6571,21,6680,8,6706,3,7485,2,8453,9,
735,1630,7,1636,8,2165,2,2828,3,3544,5,4187,2,5855,14,6571,8,6706,18,7577,2,8453,5,
736,1630,2,1636,10,2220,25,2252,3,4187,19,7644,5,8453,1,
737,2220,7,2874,1,3544,1,4187,4,4228,1,5084,15,5855,15,7517,7,7577,3,8453,2,
738,4228,1,5023,16,5084,2,5855,6,5882,32,7517,3,7644,2,8453,1,
739,1630,29,1649,10,2165,1,2828,4,2841,3,2874,4,5023,5,5084,1,5855,1,5882,6,7577,5,7644,13,
740,1630,2,1649,14,2874,1,4228,1,5023,29,5103,1,5882,3,5897,1,7577,3,7644,21,
741,1649,37,2220,13,2828,1,4228,4,5103,18,5882,1,6695,1,7577,3,7644,1,
742,1649,8,2220,23,2905,6,2909,26,4187,1,4309,2,6695,3,
743,2905,18,2909,22,3544,1,4309,15,4328,14,6695,2,
744,2905,31,2909,4,4309,6,4328,36,5882,2,
745,2874,1,2905,10,3544,3,4328,56,9491,8,
746,1704,2,1719,5,2280,1,2905,2,2909,3,3544,39,4328,15,4407,1,
747,434,2,1704,4,1719,2,2874,7,2909,2,2948,15,3544,32,4328,9,5103,1,7640,2,9491,20,
748,1719,2,2874,2,2909,3,2948,22,3544,6,3617,7,4407,1,5103,12,7746,1,9491,7,
749,1719,3,2280,5,2948,47,4328,8,5103,5,5196,1,6776,1,
750,2948,22,2980,6,4328,1,5196,5,6816,28,6843,10,9491,2,
751,2948,2,3617,1,4407,1,5196,35,6816,14,6843,4,6875,24,
752,2980,7,3617,1,3679,2,4407,2,5179,1,5196,1,6816,43,6875,10,8606,8,9565,1,
753,2980,6,4407,11,5179,8,6816,38,6875,6,9565,7,
754,4407,13,5179,1,5196,6,6059,7,6816,46,6875,2,
755,3679,2,3705,27,4407,12,6816,3,8619,5,8680,12,
756,3705,11,3719,1,4407,10,4473,19,6092,3,7777,10,8680,15,
757,3705,22,4407,1,4473,19,6059,2,7777,2,8680,16,11542,3,
758,3705,49,4473,4,6059,5,6932,9,8680,5,11542,8,
759,3629,5,3705,4,4473,2,6059,3,6061,18,6932,23,8680,14,
760,3008,1,3629,2,4473,1,4500,11,6061,16,6932,8,8680,15,9645,6,
761,3629,1,3705,16,4500,21,5343,1,6061,8,6063,3,6932,7,8680,23,9645,2,
762,3022,2,3705,17,4500,34,6932,1,7854,6,8680,9,
763,3022,3,3031,8,3705,2,4500,44,4504,12,5343,3,6955,1,7854,5,
764,1215,2,3022,13,3031,16,4500,33,4504,9,7854,2,
765,3022,4,3031,6,3705,7,4500,16,5343,15,7854,26,
766,3022,4,3705,2,4500,19,4504,29,5343,1,6120,24,7021,2,7854,3,
767,3031,1,4480,6,4500,9,4504,9,5343,26,6120,11,7854,4,10715,7,
768,1242,1,4500,2,4504,2,5343,13,6120,5,6144,1,7021,19,10715,6,10745,8,
769,2417,4,3034,1,4480,1,4500,1,4504,4,5343,4,6120,2,6144,16,6998,1,7021,8,9745,13,10715,15,10745,2,
770,2417,14,4504,2,6120,12,6144,12,6932,2,9745,8,10715,1,10745,11,11669,5,17076,10,
771,2417,3,3034,26,5395,4,6120,4,6144,2,6932,4,6998,6,9745,1,10745,3,11669,1,17076,34,
772,1242,1,1255,1,1860,3,2417,1,3034,29,5395,9,6120,4,6144,9,6932,1,6966,4,6998,1,10745,7,11669,1,17076,8,
773,1854,1,2417,3,2442,1,2449,10,2469,5,3034,16,4504,1,5395,5,6144,12,6966,3,6998,6,10745,5,17076,6,
774,1242,10,1255,3,1904,7,3034,12,5395,15,6144,27,6998,2,10745,1,17076,7,
775,1242,7,1255,3,1904,18,2449,3,2469,4,3034,1,5395,1,6144,14,12743,12,17076,18,
776,1242,6,1882,3,1904,24,2442,9,2469,4,4607,4,6144,30,12743,1,17076,1,
777,567,9,1882,31,1904,4,4607,1,6144,43,
778,575,45,1882,1,1904,1,2442,2,2469,7,6144,6,
810,3403,12,4101,5,4875,12,5701,46,9149,8,
811,2082,44,2697,2,3394,3,3403,14,4101,7,
812,3394,26,3403,29,8287,31,
813,2732,30,3394,15,3403,1,5701,44,
814,2732,26,3403,38,4170,4,4920,7,
815,3394,1,3403,1,4136,35,4920,35,7400,5,7436,5,9223,2,
816,3407,4,4089,1,4136,11,4915,27,4920,5,9223,16,10176,10,11133,10,
817,3407,1,4136,25,4163,1,4915,36,5774,2,9223,3,10160,5,11086,16,
818,3394,7,3407,23,4915,20,5774,3,9260,9,10160,7,11086,1,
819,3394,1,3407,38,4915,1,6497,4,9260,1,10160,11,10176,23,
820,2775,1,3407,1,4915,31,5774,15,9260,17,10160,4,10176,9,11086,3,
821,4915,5,5774,28,9207,1,9260,18,10160,29,11086,1,
822,4196,8,4915,18,4942,2,5774,27,7485,1,9207,2,9260,1,10160,10,10176,11,
823,4187,11,4196,2,4915,5,4942,18,5774,17,5797,20,7485,4,10160,4,10176,5,
824,4196,1,4915,5,4942,13,5774,1,5797,5,6566,1,7460,1,7485,11,7498,20,9207,11,10176,6,
825,4915,1,4942,13,4962,1,5774,19,6620,11,7485,16,9207,8,10176,7,
826,3451,1,4187,6,4942,7,4982,1,5038,10,5774,5,6566,8,6620,1,6642,3,7460,8,7485,19,
827,3451,3,4187,5,4942,1,4982,8,5038,20,5774,3,5797,7,6566,23,7460,3,7508,1,7584,5,
828,2165,3,4187,6,4942,1,4962,3,4982,26,4985,4,5038,1,6566,4,6620,1,6642,12,7460,2,7485,3,7508,3,
829,1612,1,2165,1,4187,5,4942,1,4962,5,4982,17,4985,16,5038,1,6642,10,8410,24,
830,1595,3,2165,11,2792,2,4187,3,4982,10,4985,6,5038,9,6566,3,6571,3,6642,3,7508,1,7584,22,8410,21,
831,1595,1,2165,11,2220,1,2828,3,4187,9,5038,6,6566,23,6571,7,7584,10,8410,5,8453,1,
832,1636,6,2165,22,2792,3,4187,3,4188,3,4982,2,6566,13,6680,5,7584,17,
833,2165,4,2220,1,4187,3,4188,1,4982,4,6566,21,6680,24,7577,5,7584,2,7644,1,8453,4,8478,1,
834,1630,1,2165,16,4982,11,5084,2,6566,13,6571,3,6680,2,7577,1,7644,1,8453,34,
835,2165,1,3544,9,4187,2,5084,3,5855,2,6571,21,6706,28,8453,9,8478,5,
836,2165,1,2220,16,3544,4,4187,7,5084,6,5897,1,6571,10,6706,4,7525,16,7644,3,8453,1,8478,5,
837,2165,1,2220,9,3544,8,4187,2,5084,24,5855,5,6571,1,6680,7,7525,17,7644,1,
838,2220,1,3544,11,4311,2,5023,18,5882,7,6680,10,6706,4,7525,7,7577,1,
839,1630,6,2165,35,2841,1,2874,12,3544,1,5023,1,5084,4,5855,4,6571,2,6680,2,6706,3,7517,3,7525,2,7644,4,
840,1649,5,2165,11,2874,6,4187,14,5855,2,5882,6,5897,13,6680,1,6706,6,7577,2,7644,20,
841,1649,2,2165,14,2220,14,5103,9,5882,3,6695,15,6706,2,7644,2,
842,2165,10,2220,9,2905,17,2909,8,3544,1,4187,8,4328,1,5882,3,6695,18,
843,2909,10,3544,8,4309,6,4328,41,5882,2,5923,4,
844,2905,7,2909,2,3544,56,4328,15,5882,3,9491,7,
845,2905,4,3544,19,4328,55,5882,1,5951,12,9491,3,
846,2909,2,3544,19,4328,28,5103,16,5951,9,6787,11,7640,1,
847,2874,2,2948,5,2980,2,3544,9,4328,19,5103,17,6787,1,7640,16,7746,3,9491,3,
848,2280,5,2874,8,2948,26,2980,12,3544,3,4328,4,4343,2,4407,1,5103,2,7746,2,
849,2280,4,2874,4,2948,34,2980,2,4328,6,7746,13,9491,2,11421,2,
850,2280,2,2874,1,2948,8,2980,3,4328,4,6776,2,6816,1,6843,3,6875,3,9491,42,9535,3,
851,4407,11,5179,1,5196,1,6776,3,6816,8,6875,37,9491,6,9565,2,13491,4,
852,1160,2,2980,38,5179,1,6816,8,6875,19,8606,2,9565,1,13491,1,
853,2980,15,4407,21,5179,29,6776,1,6816,5,6875,3,7697,1,8606,2,8680,2,9553,1,
854,4407,19,6816,5,6875,12,8619,31,
855,4407,19,5179,2,6059,3,6816,1,6875,10,6932,3,7777,3,8619,7,8680,18,8684,11,
856,3629,3,4407,39,5179,1,6816,2,7777,8,8619,19,8684,1,
857,3705,2,4407,4,4473,3,6059,15,6932,18,7746,8,7777,22,8680,13,
858,3705,3,4473,1,6059,5,6061,4,6932,30,7777,1,8680,27,9553,4,11542,3,
859,3629,1,3719,7,4473,3,4480,5,6059,18,6061,2,6932,42,9553,1,9645,1,
860,4473,33,4480,3,6059,6,6932,9,8680,5,9645,13,11542,10,
861,2365,1,3031,7,3705,1,4473,4,4480,7,4500,2,5343,13,6059,7,6063,11,6897,5,6932,11,8680,1,9645,3,11542,14,
862,3022,13,3031,3,4500,19,5343,18,6063,1,7854,15,8680,3,11542,9,
863,3022,27,3031,7,4480,7,4500,5,4504,14,5343,10,7854,5,
864,3022,13,3031,32,4500,2,4504,14,6932,2,7854,12,
865,3031,21,4500,14,4504,17,5343,3,6063,4,6120,2,6955,10,7021,1,7854,14,
866,3031,17,4504,27,6063,8,6148,2,7021,16,7854,5,10745,2,11669,3,
867,4480,15,4504,42,5343,14,7021,10,10715,6,11669,1,
868,4480,19,4504,31,5343,1,6120,2,6144,8,6998,3,7021,1,10715,3,10745,6,11669,12,11692,4,
869,4480,9,4504,6,6144,11,6932,1,6998,2,7021,27,10745,7,10753,1,11669,15,
870,4504,1,6144,16,6932,2,6998,16,7021,3,10715,4,10745,3,10753,1,11669,1,11692,1,17076,14,
871,5395,14,6144,3,6148,10,6932,10,6998,18,7021,1,10715,2,10745,1,11669,7,17076,24,
872,1242,7,2442,10,5395,3,6144,3,6148,1,6932,3,6998,25,10745,4,11669,8,17076,11,
873,1242,2,2442,6,3034,1,4607,3,5395,5,6144,17,6148,1,6998,20,10745,14,11669,1,12743,2,17076,1,
874,1242,22,1904,3,2442,6,3034,4,4607,6,5395,12,6144,13,6998,9,10745,7,12743,6,17076,3,
875,1242,2,1255,7,1904,1,2442,7,2469,7,4607,6,5395,2,6144,20,10745,1,12743,3,17076,1,
876,1255,9,1904,3,2442,27,4607,1,6144,18,6998,7,7053,12,12743,3,
877,1882,1,1904,2,2442,9,3177,1,6144,50,7053,15,
878,575,2,2463,64,4607,16,6144,7,7053,1,
910,3403,1,4078,1,4101,42,5701,27,6490,1,
911,2082,1,3403,41,4078,2,4101,13,5701,5,
912,2732,3,3394,6,3403,36,4089,1,4101,5,5701,24,8287,8,
913,2732,21,3394,7,3403,6,4136,28,5701,9,
914,2732,9,3394,1,4136,56,4170,7,5701,5,
915,2732,2,3394,17,4136,8,4170,3,4920,7,5701,10,7400,25,8287,18,11086,1,11133,3,
916,4089,2,4915,9,7400,14,7436,28,8287,4,9169,1,11086,6,11133,14,
917,2082,2,3407,6,4089,1,4915,8,7400,2,7436,2,11086,70,
918,3394,25,3407,14,4163,4,4915,33,5774,1,7436,3,10176,4,11086,1,
919,3394,9,3407,11,4163,1,4915,1,6497,17,7436,2,8287,15,9207,6,10176,7,
920,3407,4,4915,16,5774,49,7436,2,8287,2,9207,1,10176,1,
921,4915,5,5774,24,9207,34,
922,3407,1,4196,2,4942,3,5774,25,7498,9,9207,4,10176,42,
923,4915,16,4942,16,5774,13,5797,3,7460,2,7485,8,7498,8,10176,1,
924,4915,17,4942,26,5774,18,7460,8,7485,3,7498,1,9207,4,
925,3451,11,4915,18,4942,20,4962,1,5774,11,5797,1,6620,3,7460,2,7485,6,10134,14,
926,3451,4,4942,41,4962,1,4985,1,6566,12,7460,19,7485,6,9207,1,
927,4915,1,4942,8,4982,2,5774,3,5797,35,6620,10,7460,7,7485,5,7508,2,
928,3451,8,4942,29,4982,4,4985,17,5797,7,6566,3,7460,5,7508,12,
929,2792,1,3451,2,4187,8,4942,19,4985,6,6566,14,6642,7,7460,1,7508,3,
930,4187,23,4942,5,6566,17,6571,15,6642,1,7460,9,7508,1,7577,1,7584,10,
931,4187,2,4188,1,4228,15,6566,40,6571,2,6642,5,7460,1,7525,4,8453,12,
932,2165,3,4187,1,4188,5,4228,1,4982,23,4985,5,5023,2,6566,11,7460,1,7577,19,8453,2,11347,10,
933,4188,9,4982,25,4985,4,5023,6,6566,10,7460,3,7577,6,7644,1,8453,21,11347,2,
934,4982,19,5023,11,7577,6,7644,1,8453,7,8478,4,11347,11,11402,3,
935,4982,25,5023,5,6571,6,6706,1,7577,3,7644,27,8453,1,8478,19,11347,1,
936,2165,7,2220,1,2841,1,4982,1,5023,4,5897,1,6714,3,7525,1,7584,8,7644,33,8478,29,8514,1,
937,2165,11,3544,11,5023,1,5084,5,5897,2,7517,1,7525,14,7584,1,7644,27,8478,12,8514,7,
938,2165,5,2220,1,2841,7,3544,7,4187,5,4311,1,5023,3,5829,2,5855,1,5882,2,5897,10,6571,1,6714,5,7517,4,7525,4,7584,4,7644,9,8514,9,
939,1630,1,1649,1,2165,11,2841,14,2874,6,5084,1,5829,1,5897,11,6571,2,7517,3,7525,8,7577,6,7644,9,8504,2,
940,1630,7,1649,1,2165,1,2841,13,2874,1,4187,3,5882,2,5897,8,6571,1,6706,1,7525,1,7577,4,7644,27,
941,1630,11,1649,26,2841,1,2885,3,4187,5,4309,6,5855,2,5882,1,5923,3,6695,5,7577,9,7644,7,
942,1649,2,3544,6,4187,3,4309,21,4328,9,5882,1,5923,18,6695,13,
943,2885,9,3544,42,4309,2,4328,2,5103,3,5882,7,5923,6,6695,2,6766,10,7644,1,
944,3544,57,4309,1,4328,16,5103,2,5882,15,6776,2,
945,3544,1,4328,26,4343,12,5882,9,5951,17,6787,1,7746,1,9491,8,
946,3544,6,4328,31,5103,9,5951,7,7640,13,9491,1,
947,3544,8,4328,3,5103,40,6776,1,7640,2,7746,30,9491,4,
948,2280,2,2874,15,2948,1,2980,1,3544,8,4328,8,5103,6,5196,7,6776,1,7640,4,7746,10,9565,7,
949,2948,1,4328,2,5103,8,5196,2,6776,22,7746,32,9491,3,9565,2,
950,2948,3,2980,5,4407,11,5196,47,6776,4,7746,7,9491,2,9565,5,
951,2980,4,4343,5,5179,6,5196,33,6776,2,6843,1,6875,17,7746,2,8619,2,9491,4,9565,1,13491,11,14523,1,
952,2980,2,4343,16,5179,19,5196,7,6776,26,6843,1,6875,1,7697,2,8606,4,8619,1,9491,8,13491,5,
953,2980,3,4343,1,5179,9,6776,7,6875,5,7697,12,8606,21,8619,4,8654,14,9553,19,
954,4407,9,6875,23,8606,14,8619,24,8654,4,9553,13,
955,3629,1,3705,4,4407,3,5179,2,6875,6,7777,35,8619,27,8684,13,9553,1,
956,3629,9,4407,63,5179,4,6059,1,6875,3,8619,6,8654,2,8684,1,9634,1,9645,4,
957,3705,7,4407,10,5179,1,6059,24,6932,7,7746,7,7777,4,8680,11,8684,1,9645,4,
958,4407,3,4473,20,6059,10,7746,4,8680,24,9553,10,10543,2,
959,4407,3,4473,11,6059,11,6061,4,6897,7,6932,2,7746,9,8654,2,8680,5,9645,22,10543,3,
960,4480,6,6059,14,6061,8,6897,3,6932,9,7746,1,8680,3,9553,2,9645,30,11542,9,
961,3022,1,3031,1,4473,3,4480,13,4500,1,6059,9,6063,1,6932,36,7746,1,9645,7,11542,1,
962,3022,13,4480,2,4500,9,5343,14,6059,22,6063,8,6932,12,7854,1,11542,2,
963,3022,42,3031,14,4480,13,6059,2,6932,16,7854,2,
964,3022,12,3031,1,4500,2,4504,27,4532,5,6061,5,6063,9,6932,9,7854,23,
965,3031,2,4500,1,4504,41,6061,3,6063,3,6955,14,7854,15,
966,3031,1,4504,5,6063,26,6148,15,6932,10,6955,4,7021,1,7854,4,10745,3,11692,1,
967,4480,3,4504,26,6148,20,6932,3,7021,6,9729,3,10745,1,11669,7,11692,28,
968,4480,4,4504,5,6120,1,6144,2,6148,5,6998,7,7013,5,7021,5,10715,6,10745,13,11669,5,11692,16,17076,1,
969,2417,1,4504,4,5395,1,6144,18,6148,1,6998,11,7013,3,7021,20,9729,2,10745,6,11669,19,11692,2,12743,7,
970,2442,1,4504,4,6144,7,6148,4,6932,5,6998,4,7021,27,9729,1,10745,6,11669,9,11692,3,17076,30,
971,5395,17,6148,29,6998,7,7021,4,10745,10,11669,8,12743,2,
972,3034,4,3110,2,5395,4,6144,11,6148,16,6998,8,7021,2,10745,12,10753,3,17076,24,
973,2442,15,5395,9,6144,1,6148,7,6998,6,8844,4,10745,12,10753,2,17076,17,
974,1242,5,1854,2,2442,21,4607,15,5395,8,6144,29,6998,2,17076,3,
975,1242,3,1255,8,1854,1,2442,8,2469,6,4607,2,5395,24,6144,13,7053,5,12743,1,17076,2,
976,2442,19,2469,3,3139,7,5395,1,6144,14,6998,1,7053,23,
977,2442,12,6144,63,7053,5,
978,1854,6,2442,3,2463,22,2469,2,5395,31,6144,14,7053,2,
1010,2082,2,4101,23,4875,6,4888,29,5701,20,
1011,2082,10,4101,13,4875,2,4888,10,5701,15,6516,23,
1012,2082,11,3394,11,3403,28,4101,2,4888,1,5701,24,6516,4,
1013,2082,9,2732,12,3394,6,3403,1,4136,9,5701,28,6516,2,7436,5,8287,4,
1014,2732,4,3394,5,4136,4,4170,5,4915,4,5701,12,6516,14,7436,18,
1015,2732,1,3394,10,4089,1,4170,1,5679,1,5701,2,6516,13,7400,13,7436,2,8287,1,9169,1,11086,5,11133,16,13093,10,
1016,2732,1,4089,3,5701,3,6494,1,7400,1,7436,27,8287,36,9169,6,11086,6,11133,5,
1017,2082,6,3394,5,3403,6,4089,11,4136,1,6494,3,7436,2,7498,3,8287,10,9169,1,11086,26,
1018,3394,3,3407,13,4089,17,4915,6,6494,12,7436,10,8287,2,11086,23,
1019,3407,10,4089,1,4915,27,6494,1,7436,30,10160,8,10176,5,11086,4,
1020,3394,9,3407,16,4915,35,5774,11,7436,11,9223,10,10160,2,
1021,3394,2,3451,4,4915,28,5774,1,8287,8,9207,14,9223,9,
1022,3451,1,4915,13,4942,10,5774,13,7436,5,7498,4,8287,2,9207,6,10160,10,10176,14,
1023,4942,34,5774,17,7460,23,7498,8,8287,1,9207,2,10160,1,10215,13,
1024,4915,5,4942,15,5774,6,6571,1,7436,2,7460,30,9207,4,9234,7,
1025,3451,9,4942,5,5774,1,7460,32,7498,9,8410,1,9207,2,10134,4,
1026,3451,22,7460,69,7508,1,8410,1,9207,1,
1027,3451,1,4942,7,6620,1,7460,12,7485,21,7508,55,
1028,3451,3,4942,20,6566,1,7460,20,7485,5,7508,11,8410,14,
1029,3451,2,4187,2,4942,21,4985,1,6566,1,6571,3,6642,4,7460,22,7508,7,8410,3,
1030,4187,1,4188,2,4942,22,6566,11,6571,6,6642,11,6643,4,7460,13,7508,3,7525,8,7584,2,8410,1,
1031,4188,5,4228,1,4942,3,4982,22,6566,4,6571,29,6642,2,7460,11,7525,8,7584,16,
1032,4188,5,4982,25,6566,13,6571,4,7460,2,7577,6,7584,13,8478,17,8504,1,11347,5,
1033,4188,7,4982,49,6566,6,7577,2,7584,5,8453,3,8478,4,11347,21,
1034,3544,1,4982,33,5023,3,6566,1,7644,1,8453,5,8478,7,8514,7,11347,5,
1035,4982,2,5023,2,6571,1,6656,3,7644,1,8478,60,8514,1,11402,16,
1036,3544,9,4237,1,5023,2,5084,3,6656,1,6723,10,7525,10,7644,9,8478,24,8504,3,8514,6,11402,4,
1037,6656,6,6714,1,6723,8,7525,6,7577,2,7644,5,8478,1,8514,43,10458,8,
1038,2165,12,2841,5,2874,1,3544,4,4187,1,4311,5,5855,9,5897,4,6656,4,6680,6,6714,1,7525,1,7644,13,8514,26,
1039,2165,2,2841,2,2874,15,4187,4,4311,1,5829,9,5855,33,5897,3,6656,11,6680,1,6706,2,6714,2,7525,2,7577,2,7644,4,8514,9,8520,1,10458,9,
1040,1630,1,2841,4,2874,1,3544,3,4309,2,5829,11,5855,19,5882,9,6656,7,7517,1,7577,3,7644,16,8514,2,8520,2,
1041,3544,2,4187,20,4228,9,4309,1,5103,1,5829,3,5855,8,5882,11,5897,2,6571,4,6695,6,7577,1,7644,24,10458,2,
1042,3544,14,4187,1,4309,22,5103,1,5829,2,5855,1,5882,21,6695,3,7644,29,
1043,2220,5,4309,6,4328,19,5103,10,5855,5,5882,4,5923,18,6695,16,7644,7,
1044,3544,8,4328,34,4343,7,5103,10,5855,12,5923,1,6776,10,7644,11,17765,2,
1045,3544,10,4343,11,5855,3,5923,1,5951,32,6787,4,7640,6,9491,7,15567,9,
1046,4328,15,4343,1,5196,2,5951,32,6776,1,6787,8,7640,3,15567,4,
1047,2280,7,4328,20,4343,1,5103,1,5951,10,6787,9,9491,4,15567,12,
1048,2280,2,3544,2,4328,5,5196,34,5951,1,6776,18,6787,6,11421,8,17765,1,
1049,2980,11,4328,9,5196,16,6776,3,6843,2,7746,8,11421,9,14523,17,17765,10,
1050,2280,1,2980,9,4328,26,4343,11,5196,16,5951,4,6875,2,7746,4,8606,5,10479,1,11421,3,17765,11,
1051,2280,26,4328,17,4343,2,5179,1,5196,1,6843,2,6875,2,7697,6,8619,14,9565,4,14523,10,
1052,2280,12,2980,1,4328,7,4343,4,5179,1,6776,1,6843,25,7697,4,8606,23,9565,3,
1053,4343,20,4407,2,6843,1,6875,3,7777,1,8606,6,8619,38,9553,12,
1054,4343,3,6875,7,7746,4,7777,11,8606,11,8619,36,10543,7,11542,1,
1055,3629,3,4407,5,6875,10,6932,2,7777,5,8606,3,8619,28,9634,13,10543,3,
1056,3629,30,4407,4,6875,12,6932,2,8619,3,8654,3,9634,20,9645,7,10543,8,11542,3,
1057,3629,1,4407,8,6059,13,6875,1,7746,11,7766,14,7777,7,8691,17,9553,17,9634,18,9645,2,10543,3,
1058,4407,10,4473,12,6059,7,7746,24,7766,3,8680,1,8691,5,9553,18,10543,5,
1059,6059,13,6061,5,7746,11,7766,2,8680,2,9553,5,9634,6,10543,37,
1060,4480,4,6059,8,6061,22,7746,15,8680,21,9553,5,10543,14,
1061,4473,3,4480,1,6059,8,6061,7,6063,3,6092,10,6932,8,7746,2,9634,26,10543,4,
1062,4480,16,5343,2,6061,1,6063,39,6092,6,9634,19,9669,3,10543,1,
1063,3022,1,4480,2,6061,16,6063,11,6932,1,6966,7,7854,53,9634,8,9669,5,
1064,6061,41,6092,9,6932,1,6933,1,6955,27,7854,13,9634,1,
1065,4504,6,6061,7,6955,2,7013,1,7021,27,7854,29,9729,8,
1066,3022,1,4504,1,6063,9,6148,4,6955,25,7021,5,7854,2,11669,3,11692,29,
1067,6063,17,6148,4,7013,9,7021,8,10745,9,11669,53,11692,2,12659,1,
1068,6063,1,6148,1,6998,11,7021,3,7851,5,7865,1,9729,3,10745,35,10753,3,11669,26,13741,5,
1069,7013,2,7865,2,9729,4,10745,18,10753,10,11669,45,11692,1,12743,11,17076,1,
1070,2442,28,6998,21,10745,9,11669,14,17076,1,
1071,2442,1,2463,2,3110,27,4504,12,5395,28,6998,10,8844,1,10745,4,
1072,2442,6,2463,24,3110,1,5395,36,6144,2,6998,6,7053,4,10745,9,17076,1,
1073,1242,3,2442,1,2463,3,3110,5,4607,5,5395,54,5418,5,6144,16,8844,4,12743,5,
1074,1854,7,2442,14,2469,7,4607,3,5395,26,6144,1,6998,5,7053,20,7056,1,12743,1,
1075,2442,31,2469,2,3139,6,4607,2,6144,3,7053,33,
1076,2442,14,2469,8,4634,6,5395,2,6144,40,7053,4,
1077,2442,2,2463,1,2469,18,5395,11,5418,45,6144,3,
1109,3403,15,4078,9,4089,2,4101,4,4875,13,4888,12,5679,11,5701,2,6490,12,7312,7,8241,1,
1110,2082,7,3394,8,3403,2,4089,6,4875,33,4888,3,5679,9,5701,1,6516,2,13093,3,
1134,4188,8,4228,7,4237,20,4982,1,5023,19,5855,3,7584,2,8453,1,8478,9,8520,1,11347,2,11402,8,12370,4,
1135,4237,12,6723,4,7577,22,7644,1,8478,4,8504,42,10405,7,
1136,4237,1,5855,1,6656,15,7577,3,7644,20,8504,1,8514,3,8520,5,10405,14,10458,3,11347,33,
1137,2165,2,2874,1,4311,5,5855,21,5897,1,7633,17,7644,2,8514,26,10458,18,
1138,2841,1,4228,22,5855,18,6656,1,7577,30,7644,5,8514,7,10458,3,
1139,4228,3,4328,4,5855,15,5882,24,7577,2,7644,8,8520,21,10405,2,
1140,4228,1,4328,2,5103,8,5829,2,5855,8,5882,6,7577,14,7644,26,8520,1,10458,12,17765,3,
1141,4309,1,5103,35,5855,4,6714,7,7644,18,8520,10,10458,25,
1142,4328,5,4343,8,5103,35,6714,1,7644,12,10458,7,12469,1,17740,19,17765,5,
1143,4343,1,5103,2,5855,23,6776,22,7644,14,12469,1,15567,6,17740,2,17765,20,
1144,4343,20,5855,1,5923,2,5951,18,6776,2,6787,33,7640,15,9491,1,12469,7,15567,1,17765,1,
1145,3544,2,4343,18,5855,3,5951,12,6695,2,6776,3,6787,31,7640,7,12469,11,17765,1,
1146,4343,30,5103,13,5951,2,6776,11,6787,5,12469,6,17765,12,
1147,4328,8,4343,11,5103,2,5196,6,5951,15,6776,1,6787,13,12469,9,17765,36,
1148,2280,4,2980,2,4328,1,4343,6,5103,1,5196,6,5951,4,6776,2,7746,1,10479,4,12469,11,14523,38,17765,4,
1149,2280,17,2980,8,4328,2,4343,1,6776,1,7697,5,7746,17,10479,2,11414,17,14523,5,17765,13,
1150,2280,26,4343,22,6776,2,6843,27,7746,1,8606,3,9535,3,11414,3,14523,1,17765,2,
1151,2280,4,4343,20,6843,7,7697,5,7746,5,8575,3,8606,38,8619,2,11414,8,
1152,2280,1,4343,30,6843,4,6875,20,7697,5,8575,8,8606,5,8619,2,9524,1,9535,1,9553,3,
1153,4343,15,6875,43,7746,12,7777,2,8606,1,8619,13,9535,1,9565,2,
1154,6843,12,6875,34,7746,2,7777,5,8619,10,9535,16,9553,2,11542,1,
1155,4407,1,6875,9,6932,6,7746,1,7777,29,8619,10,9565,6,9634,5,9645,13,10543,1,11542,11,
1156,4407,1,6059,5,7746,7,7766,3,7777,21,8691,25,9645,6,10543,27,
1157,6059,1,7746,21,7777,2,8691,9,9645,1,10543,36,12613,10,
1158,6059,4,6061,9,6932,11,7746,6,7816,3,8691,1,9634,31,9645,2,10543,27,
1159,4473,7,6061,25,6063,4,6932,3,7746,7,7816,1,7851,1,7865,6,9634,38,9669,3,10543,1,
1160,4473,8,6059,2,6061,16,6063,4,6932,14,7777,2,7816,1,7854,22,7858,3,9634,15,
1161,4473,2,4480,2,6063,22,6932,3,6955,6,7777,1,7854,14,9634,21,9669,28,9688,2,
1162,6966,6,7854,46,9634,20,9669,8,9688,10,9729,7,
1163,6061,66,6932,17,7021,1,7854,9,9634,1,9688,2,
1164,4532,9,6061,16,6932,1,6955,18,7013,4,7021,1,7854,22,9729,15,
1165,4504,3,4532,1,6061,1,6063,7,6148,35,6932,2,6955,19,7021,15,7854,10,11669,3,12659,3,13741,2,
1166,4532,7,6063,1,6148,3,7013,7,7021,39,7854,2,10745,5,10753,5,11638,1,11669,22,12659,1,18079,2,
1167,6998,18,7021,12,7865,8,10745,16,10753,19,11669,14,13741,7,
1168,7013,4,7021,6,7865,2,10753,26,11669,37,17076,13,
1169,3110,22,5395,63,6998,2,8844,1,
1170,1854,5,2442,5,3110,3,4607,5,5395,7,6144,5,6998,2,7053,5,8844,50,
1171,2442,19,4607,4,5395,19,5418,8,6144,3,6998,2,7053,10,8844,23,12743,6,
1172,1854,1,2442,33,2469,2,4607,4,5395,11,5418,6,6144,13,7053,3,7056,4,8844,1,12743,13,
1173,2442,18,2469,26,3139,1,4607,8,4632,1,5379,13,7053,23,7056,1,
1174,2442,22,2469,1,4634,17,5395,1,6144,45,
1175,2442,4,4632,50,4634,7,4637,13,5418,20,
1234,5855,8,5923,4,6656,2,6723,13,7525,1,7644,8,8504,36,8514,1,8520,12,
1235,5855,13,6656,4,7525,24,7633,11,8504,5,8514,3,8520,22,10405,5,10458,5,
1236,4228,1,5897,3,5923,2,6714,14,7577,8,7633,3,7644,8,8504,35,8520,1,10458,6,
1237,4228,12,5855,44,5882,5,7577,2,7644,9,8504,2,8520,15,10405,1,12469,4,
1238,4228,1,5855,33,5882,3,7577,10,7644,22,8520,9,10458,9,12469,1,
1239,4343,3,5103,22,5855,1,7577,3,7644,11,8520,7,10414,23,10458,1,12469,22,15567,3,
1240,4343,1,5103,8,5855,3,5923,1,7640,10,7644,3,9519,1,10414,4,10458,5,12469,34,15567,13,17740,3,17765,3,
1241,4343,49,5103,2,5855,6,7640,3,7644,1,12469,19,17740,7,17765,4,
1242,4343,18,5855,6,5923,9,5951,1,7640,31,9519,1,12469,11,17765,1,
1243,3544,2,4343,52,5855,6,5951,1,6695,4,6787,19,7640,3,12469,2,15567,4,17765,8,
1244,4343,50,6787,5,6843,7,10458,4,12469,1,17765,28,
1245,4343,7,6787,1,7640,2,10458,25,10479,3,12469,12,14523,23,17765,9,
1246,2980,4,6776,3,6843,38,7697,5,10458,4,12469,1,14523,17,17765,8,
1247,2280,1,4343,9,5951,1,6843,9,7697,2,9535,2,10458,9,10479,28,11414,12,14523,3,17765,4,
1248,5196,2,6787,2,6843,5,7766,1,8575,8,8619,21,9596,2,10479,22,11414,35,
1249,4343,22,5179,16,6875,1,7697,21,9524,2,9535,5,9565,1,9598,6,10479,8,11414,5,
1250,4343,11,7697,3,7766,37,9524,8,9598,1,9645,37,11414,4,
1251,4343,12,5179,1,6843,15,6875,3,7746,20,7777,21,8619,6,9524,8,9535,1,9645,3,
1252,5179,3,6843,32,6875,22,6932,3,7766,7,7777,7,9565,3,11542,12,
1253,6843,1,6875,3,6932,17,7746,1,7777,21,9565,23,9645,19,11542,1,12538,4,12613,1,
1254,4407,3,6059,4,7746,8,7766,3,8691,59,9553,13,9565,3,10543,1,
1255,7746,6,7777,1,7816,9,8691,8,9553,6,10543,58,12613,2,
1256,6061,27,6932,12,7816,2,7854,13,9645,10,10543,15,
1257,4473,3,6061,4,6932,7,7746,8,7854,6,7865,11,9634,10,9669,9,10543,16,10584,36,
1258,6061,6,6932,27,7854,13,7858,5,7865,23,9669,9,10543,1,12613,3,
1259,6061,1,6092,13,6932,7,7851,2,7854,44,7858,1,7865,8,9634,2,9669,6,9688,12,
1260,6063,1,7851,11,7854,57,9634,1,9669,19,9688,5,
1261,3719,4,6061,14,6932,2,7013,11,7854,49,9669,7,11692,4,18079,1,
1262,4532,2,6061,1,6932,14,7013,20,7851,2,7854,8,9729,37,
1263,4532,4,6148,7,7021,6,7851,5,7854,22,9729,31,11669,1,12659,3,13741,2,18079,2,
1264,7013,39,7021,32,7854,3,10680,9,11638,1,11692,1,18079,12,
1265,6998,34,7013,3,7021,23,7865,1,10745,10,10753,2,11669,8,11692,2,17076,6,
1266,7013,7,10753,22,13741,12,13789,22,17076,32,
1267,3110,22,4607,22,5395,42,8844,18,
1268,1854,6,3110,6,4607,2,5395,24,6144,4,6998,2,8844,48,
1269,2442,3,2463,10,3110,16,3139,3,4607,6,5395,17,5418,9,7053,3,7057,6,8844,14,12743,5,
1270,1854,1,2442,17,5395,10,5418,4,6144,31,7053,25,12743,4,
1271,2442,35,5418,29,7053,25,7056,1,
1332,5923,22,6723,2,8504,55,8514,11,8520,10,
1333,5855,8,5923,6,7525,1,7633,1,8504,48,8514,4,8520,20,10405,1,17740,3,
1334,5897,29,5923,2,7633,2,7644,24,8504,7,8520,12,10432,7,10458,9,
1335,4228,1,5855,44,5897,27,6714,8,7577,1,7644,14,10432,1,10458,3,
1336,4237,1,5855,41,5882,1,5897,8,7644,9,8520,4,10458,1,14523,2,15567,2,17740,9,17765,1,
1337,4237,12,5855,38,5897,1,8520,4,12469,1,14523,16,15567,2,17740,11,17765,8,
1338,5855,3,7640,13,9519,7,12469,13,14523,2,15567,9,17740,43,17765,4,
1339,4343,12,5855,1,12469,33,15567,17,17740,38,17765,7,
1340,4343,1,7640,30,9519,13,12469,7,15567,4,17765,35,
1341,4343,15,6695,18,6787,2,7640,3,9519,10,12469,30,17765,24,
1342,4328,2,4343,1,6776,5,9519,14,12469,40,17765,45,
1343,4343,37,6695,24,6776,11,9482,2,9519,1,10458,10,12469,1,14523,2,17765,16,
1344,4343,1,5179,12,6695,15,6776,17,7697,25,8619,9,10458,4,10479,2,12469,1,17765,6,
1345,5196,9,5951,25,6695,8,6776,1,6843,3,7697,1,9596,5,10458,2,10479,11,11414,16,
1346,5196,7,5951,2,6776,3,8575,24,8619,8,9596,2,10479,17,11414,21,11421,2,12469,6,14523,1,
1347,4343,27,5196,10,7697,1,7766,9,9524,2,9598,22,10479,1,11414,1,
1348,4343,2,4407,1,5196,5,6843,7,8619,1,9524,32,9565,4,9598,23,10522,16,
1349,6843,20,6875,3,7777,40,9524,16,9598,1,10522,6,
1350,6875,5,7777,29,8619,2,9524,9,9553,7,9565,23,9598,1,12613,15,13491,1,
1351,7766,3,7777,9,9565,30,9645,17,12538,25,12613,7,
1352,6059,23,7746,5,7777,1,7816,2,8691,13,9565,24,9645,2,10543,3,12613,17,
1353,6059,1,7746,18,7777,7,7816,17,7865,6,8691,1,9645,18,10543,23,10584,2,12613,1,
1354,4480,13,6059,3,6061,2,7816,32,7858,7,10543,1,10584,33,
1355,4473,1,6059,11,6061,9,6933,10,7816,2,7858,8,9645,8,10584,21,12613,36,
1356,6059,1,6932,25,7816,14,7854,3,7858,20,7865,6,9634,8,9645,1,12613,8,
1357,6092,1,6932,2,7013,1,7851,52,7858,17,7865,7,9688,8,9692,2,
1358,6063,1,6932,1,7851,15,7854,12,9669,90,
1359,6932,3,7013,12,7851,36,7854,54,9669,4,
1360,7013,12,7851,1,7854,33,9729,35,10680,2,12618,1,
1361,6148,15,7851,16,7854,23,9669,5,10680,1,11664,2,11692,6,12659,16,13741,9,
1362,7013,9,7021,1,7851,4,7854,4,9729,25,10680,6,10685,3,11692,4,12659,1,13741,15,18079,3,
1365,3110,22,7057,35,8844,36,
1366,2463,23,3110,9,3139,1,4607,21,5395,4,5418,10,6144,13,7057,1,8844,16,12743,1,
1367,2442,15,2463,1,3139,24,4607,3,4634,1,5395,7,6144,11,6222,2,7053,27,7056,4,12743,5,
1368,2442,11,2463,16,3139,12,4607,5,5379,15,5418,28,7053,2,8844,3,
1429,5855,30,7525,5,8504,19,17740,29,19717,10,
1430,5855,22,5882,8,5897,2,7644,24,8504,1,8520,3,10458,2,13446,2,17740,34,
1431,5855,30,5897,10,6714,2,7644,3,10458,4,13446,10,17740,43,
1432,5855,53,10458,8,13446,1,15563,5,15567,21,17740,4,
1433,5855,21,15563,3,15567,24,17740,33,17765,8,
1434,5855,4,12469,9,15567,18,17740,57,
1435,4343,1,5855,16,12469,7,15567,67,17740,11,17765,2,
1436,7640,1,9482,1,9519,1,15567,104,17740,2,17765,1,
1437,6787,2,9519,1,10458,2,11414,2,12469,12,15567,77,
1438,4343,15,6695,17,9553,1,10543,7,11421,7,12469,19,13535,1,15567,28,17765,4,
1439,4343,16,6695,9,6776,1,9596,66,10458,1,10522,3,12469,1,13535,6,15567,1,
1440,4343,36,6695,1,6776,6,7697,3,8619,4,9482,34,9596,9,11421,4,12469,2,
1441,5951,11,7697,6,8619,1,9596,66,10479,2,11421,16,13491,6,
1442,8575,21,9596,19,9598,25,10479,21,11421,13,
1443,4343,1,7766,2,8575,7,9524,18,9596,1,9598,62,10479,4,12572,2,
1444,4343,14,4407,1,8575,2,8619,2,9524,54,9598,6,10522,14,11541,1,12572,2,14633,12,
1445,7777,29,8619,8,9524,3,9565,27,9596,9,14633,16,
1446,7777,25,9565,44,11542,14,12569,3,12613,1,13491,1,14633,10,
1447,7766,2,7777,4,9565,80,9645,3,12538,1,12613,1,
1448,7865,3,9565,24,11542,3,12613,67,
1449,7777,10,7816,2,7851,3,7865,57,9645,7,10543,1,10584,4,12613,4,
1450,4480,1,7777,9,7865,22,9645,30,10584,30,12613,5,15763,6,
1451,4480,6,6061,20,7777,8,7816,3,7851,29,7858,17,7865,7,9565,1,9645,4,10584,4,12613,7,
1452,6932,78,7816,10,7851,15,7865,1,
1453,6932,3,7013,11,7851,5,7854,2,7858,1,9669,3,9688,43,9692,29,
1454,7851,6,7854,1,9669,67,9688,4,9692,15,11664,2,
1455,7013,32,7851,27,7854,10,9669,3,
1456,7013,6,7854,4,9669,1,9729,7,10680,17,12618,80,
1457,7854,3,10680,2,11639,6,11692,12,12618,5,12659,1,13741,49,
1458,7021,5,7854,1,9729,10,10680,18,11692,6,13741,59,
1461,3110,71,4607,3,6222,8,7057,17,8844,1,
1462,2463,14,3110,15,3139,24,4607,5,5395,5,6144,4,7057,34,
1463,2442,17,2463,3,3139,42,4607,1,5395,16,6222,2,7053,12,7056,1,8844,3,12743,3,
1526,4343,15,5882,32,7644,5,13446,9,17740,23,
1527,5855,16,13446,1,17740,79,17765,3,19717,2,
1528,5855,14,13446,10,15563,23,15567,4,15659,6,17740,34,17765,3,
1529,5855,4,13446,26,15563,9,15659,2,17740,38,17765,17,
1530,4343,3,9482,1,13446,5,15563,18,15567,17,17740,16,17765,26,
1531,4343,20,5855,1,12469,37,14523,5,15563,1,15567,7,17740,8,17751,21,17765,1,23652,2,
1532,4343,5,9482,12,12469,67,14580,2,15567,1,17740,11,17751,2,17765,1,
1557,3110,11,5379,1,6222,64,7057,3,8844,4,
1558,2463,8,3110,31,3139,1,4607,47,4634,2,5395,8,6222,7,7056,7,7057,3,8844,11,
1559,2442,2,3110,1,3139,12,4607,3,5379,4,5395,17,6222,8,7053,6,7056,22,7057,23,8844,2,10811,1,17092,1,
